rank_1y_performance,symbol,companyName,exchange,sector,industry,marketCap,as_of_date,latest_price,return_1d_pct,return_5d_pct,return_1m_pct,return_3m_pct,return_6m_pct,return_1y_pct,ytd_return_pct,one_year_high,drawdown_from_1y_high_pct,observations
1,SNDK,Sandisk,US,Information Technology,"Technology Hardware, Storage & Peripherals",230919313491.0,2026-06-05,1559.3199,-11.39,-8.0,10.59,195.7,702.2,3815.92,466.53,1831.5,-14.86,288
2,LITE,Lumentum,US,Information Technology,Communications Equipment,67192745911.0,2026-06-05,863.66,-8.62,1.02,-8.54,54.66,185.06,975.81,123.68,1053.09,-17.99,288
3,WDC,Western Digital,US,Information Technology,"Technology Hardware, Storage & Peripherals",176380740496.0,2026-06-05,511.72,-11.06,-3.64,5.94,108.71,229.4,842.69,172.83,593.9551,-13.85,288
4,MU,Micron Technology,US,Information Technology,Semiconductors,974373508418.0,2026-06-05,864.01,-13.25,-11.02,29.62,133.43,269.29,738.82,174.04,1079.5699,-19.97,288
5,STX,Seagate Technology,US,Information Technology,"Technology Hardware, Storage & Peripherals",191741874118.0,2026-06-05,847.47,-8.48,-3.67,7.76,140.63,229.06,572.51,195.25,940.69,-9.91,288
6,CIEN,Ciena,US,Information Technology,Communications Equipment,69107550840.0,2026-06-05,488.21,-8.85,-15.86,-15.36,65.96,152.5,481.96,98.41,627.0,-22.14,288
7,INTC,Intel,US,Information Technology,Semiconductors,498428410797.0,2026-06-05,99.17,-11.28,-13.52,-12.25,128.4,126.62,389.73,151.83,129.44,-23.39,288
8,COHR,Coherent Corp.,US,Information Technology,Electronic Components,73754065713.0,2026-06-05,376.99,-10.64,4.29,9.38,59.93,120.51,361.83,93.99,426.89,-11.69,288
9,TER,Teradyne,US,Information Technology,Semiconductor Materials & Equipment,56031134898.0,2026-06-05,357.93,-12.03,-4.38,-6.38,31.14,83.62,337.3,72.58,417.9221,-14.35,288
10,AMD,Advanced Micro Devices,US,Information Technology,Semiconductors,760479533979.0,2026-06-05,466.38,-10.86,-9.63,10.68,142.36,114.33,293.3,108.7,542.52,-14.03,288
11,FIX,Comfort Systems USA,US,Industrials,Construction & Engineering,64877122048.0,2026-06-05,1843.9399,-3.69,0.86,-8.29,44.22,94.42,270.63,83.89,2041.5599,-9.68,288
12,LRCX,Lam Research,US,Information Technology,Semiconductor Materials & Equipment,379263466393.0,2026-06-05,303.28,-9.85,-4.68,2.06,52.15,90.07,260.39,64.08,343.71,-11.76,288
13,DELL,Dell Technologies,US,Information Technology,"Technology Hardware, Storage & Peripherals",256183246225.0,2026-06-05,394.39,-6.55,-6.3,65.15,170.08,197.34,255.27,210.91,465.96,-15.36,288
14,GLW,Corning Inc.,US,Information Technology,Electronic Components,152832066539.0,2026-06-05,177.58,-10.18,-1.98,-2.05,44.26,113.27,253.67,96.52,207.9613,-14.61,288
15,HPE,Hewlett Packard Enterprise,US,Information Technology,"Technology Hardware, Storage & Peripherals",65150814243.0,2026-06-05,49.2,-8.36,14.31,62.0,134.35,123.79,182.76,104.87,56.15,-12.38,288
16,AMAT,Applied Materials,US,Information Technology,Semiconductor Materials & Equipment,359671569138.0,2026-06-05,453.01,-9.71,0.66,5.82,39.67,69.06,181.81,68.91,501.7,-9.71,288
17,WBD,Warner Bros. Discovery,US,Communication Services,Broadcasting,65787266487.0,2026-06-05,26.24,-2.81,-2.85,-3.53,-6.12,6.8,168.03,-7.96,29.98,-12.47,288
18,VRT,Vertiv,US,Industrials,Electrical Components & Equipment,115428544047.0,2026-06-05,300.51,-7.23,-4.81,-16.27,24.32,68.04,166.62,71.16,376.23,-20.13,288
19,CAT,Caterpillar Inc.,US,Industrials,Construction Machinery & Heavy Transportation Equipment,416504131881.0,2026-06-05,904.28,-3.85,3.24,-2.44,33.06,53.53,161.66,51.76,940.48,-3.85,288
20,KLAC,KLA Corporation,US,Information Technology,Semiconductor Materials & Equipment,252006607135.0,2026-06-05,1929.2,-9.47,0.39,6.35,43.67,59.62,148.26,51.76,2131.1001,-9.47,288
21,ON,ON Semiconductor,US,Information Technology,Semiconductors,45591063007.0,2026-06-05,117.26,-11.05,-2.79,10.86,106.19,105.18,133.21,106.81,133.93,-12.45,288
22,GOOGL,Alphabet Inc. (Class A),US,Communication Services,Interactive Media & Services,4494199462846.0,2026-06-05,368.53,-0.98,-3.11,-7.41,23.54,15.46,120.06,17.02,402.62,-8.47,288
23,GOOG,Alphabet Inc. (Class C),US,Communication Services,Interactive Media & Services,4460419626256.0,2026-06-05,365.76,-0.95,-2.83,-7.44,22.7,14.23,116.67,16.08,399.04,-8.34,288
24,MPWR,Monolithic Power Systems,US,Information Technology,Semiconductors,72762903289.0,2026-06-05,1481.05,-10.38,-5.44,-10.37,45.04,55.17,114.8,58.5,1689.89,-12.36,288
25,NUE,Nucor,US,Materials,Steel,57935020131.0,2026-06-05,254.39,-3.01,1.76,8.61,51.26,55.5,111.92,50.68,262.28,-3.01,288
26,VLO,Valero Energy,US,Energy,Oil & Gas Refining & Marketing,75961346466.0,2026-06-05,255.82,-1.17,4.49,8.6,14.43,46.06,107.34,56.44,261.45,-2.15,288
27,CMI,Cummins,US,Industrials,Construction Machinery & Heavy Transportation Equipment,89861236169.0,2026-06-05,651.22,-3.96,0.71,-8.73,21.15,29.08,104.95,25.56,714.2068,-8.82,288
28,KEYS,Keysight Technologies,US,Information Technology,Electronic Equipment & Instruments,56366416933.0,2026-06-05,329.83,-3.87,-2.51,-10.05,21.07,59.64,104.79,59.65,366.68,-10.05,288
29,DDOG,Datadog,US,Information Technology,Application Software,83333840064.0,2026-06-05,234.11,-3.9,-5.35,62.9,86.17,50.23,95.58,75.01,277.49,-15.63,288
30,PWR,Quanta Services,US,Industrials,Construction & Engineering,104308307973.0,2026-06-05,695.11,-3.35,-2.34,-11.48,28.7,52.5,93.75,58.13,785.24,-11.48,288
31,CSCO,Cisco,US,Information Technology,Communications Equipment,479436110245.0,2026-06-05,121.64,-6.43,1.01,32.74,55.52,58.14,93.26,60.84,130.0,-6.43,288
32,FDX,FedEx,US,Industrials,Air Freight & Logistics,78978836236.0,2026-06-05,331.0,0.91,-0.24,8.9,14.85,53.28,91.83,40.7,338.49,-2.21,288
33,GEV,GE Vernova,US,Industrials,Heavy Electrical Equipment,250879670596.0,2026-06-05,933.61,-3.09,-3.58,-16.56,18.37,55.3,91.68,37.57,1149.53,-18.78,288
34,ADI,Analog Devices,US,Information Technology,Semiconductors,195511874121.0,2026-06-05,401.39,-6.38,-2.75,-3.16,27.45,45.62,86.17,47.49,437.67,-8.29,288
35,NEM,Newmont,US,Materials,Gold,106445685121.0,2026-06-05,99.71,-7.96,-9.2,-13.17,-14.06,11.71,82.29,-1.06,131.3767,-24.1,288
36,C,Citigroup,US,Financials,Diversified Banks,225937781311.0,2026-06-05,132.47,-1.98,5.22,3.82,24.94,25.37,77.32,12.71,135.15,-1.98,288
37,GS,Goldman Sachs,US,Financials,Investment Banking & Brokerage,306418323889.0,2026-06-05,1038.6801,-4.94,1.73,11.3,27.01,25.36,76.83,14.7,1092.61,-4.94,288
38,GM,General Motors,US,Consumer Discretionary,Automobile Manufacturers,74035729712.0,2026-06-05,82.11,-1.12,-1.14,4.56,9.41,10.65,74.38,1.86,85.9896,-4.51,288
39,STT,State Street Corporation,US,Financials,Asset Management & Custody Banks,44767067588.0,2026-06-05,161.75,-0.61,3.93,6.95,34.53,35.56,73.21,26.16,162.75,-0.61,288
40,BKR,Baker Hughes,US,Energy,Oil & Gas Equipment & Services,62093579897.0,2026-06-05,62.59,-5.32,-2.02,-6.12,5.0,24.85,70.74,33.72,69.4378,-9.86,288
41,MPC,Marathon Petroleum,US,Energy,Oil & Gas Refining & Marketing,76490320587.0,2026-06-05,262.01,-1.89,5.32,7.01,18.86,39.54,70.21,60.06,267.21,-1.95,288
42,SLB,Schlumberger,US,Energy,Oil & Gas Equipment & Services,82033812262.0,2026-06-05,54.87,-5.41,1.11,-0.0,17.61,47.76,69.58,38.02,58.01,-5.41,288
43,MS,Morgan Stanley,US,Financials,Investment Banking & Brokerage,334273959714.0,2026-06-05,211.93,-2.9,1.89,9.61,32.94,23.33,69.35,17.78,218.27,-2.9,288
44,PSX,Phillips 66,US,Energy,Oil & Gas Refining & Marketing,73403184196.0,2026-06-05,183.08,-0.58,4.09,7.39,11.12,32.95,68.35,42.4,186.9229,-2.06,288
45,TRGP,Targa Resources,US,Energy,Oil & Gas Storage & Transportation,56685307557.0,2026-06-05,264.09,-1.23,3.54,5.85,11.9,51.8,68.11,42.82,276.75,-4.57,288
46,BNY,BNY Mellon,US,Financials,Asset Management & Custody Banks,97733511799.0,2026-06-05,142.39,-1.13,2.12,6.55,24.06,26.97,64.23,22.68,144.02,-1.13,288
47,DAL,Delta Air Lines,US,Industrials,Passenger Airlines,52178489280.0,2026-06-05,79.42,-0.11,-3.71,8.58,34.94,18.31,64.09,15.62,82.49,-3.72,288
48,ROST,Ross Stores,US,Consumer Discretionary,Apparel Retail,73898334912.0,2026-06-05,230.37,-1.15,-0.59,0.64,9.02,29.99,63.26,26.33,234.81,-1.89,288
49,ANET,Arista Networks,US,Information Technology,Communications Equipment,194252074580.0,2026-06-05,154.27,-7.07,-3.26,4.9,16.09,20.71,62.49,15.47,177.73,-13.2,288
50,MRK,Merck & Co.,US,Health Care,Pharmaceuticals,298330093349.0,2026-06-05,120.79,0.44,1.74,6.37,5.09,20.0,59.93,14.31,123.18,-1.94,288
51,FCX,Freeport-McMoRan,US,Materials,Copper,91098167110.0,2026-06-05,63.37,-9.07,-3.56,4.07,6.99,42.98,56.89,22.6,71.72,-11.64,288
52,CVS,CVS Health,US,Health Care,Health Care Services,122399706950.0,2026-06-05,95.93,1.17,5.44,10.44,24.19,30.09,56.42,21.76,98.11,-2.22,288
53,JNJ,Johnson & Johnson,US,Health Care,Pharmaceuticals,560327904624.0,2026-06-05,232.77,2.02,3.3,4.22,-2.62,14.62,55.71,13.51,247.1387,-5.81,288
54,URI,United Rentals,US,Industrials,Trading Companies & Distributors,66892115391.0,2026-06-05,1067.77,-1.55,7.24,10.94,32.16,31.8,54.58,26.9,1084.62,-1.55,288
55,HUM,Humana,US,Health Care,Managed Health Care,42031128308.0,2026-06-05,350.08,0.08,14.62,42.12,96.4,37.42,54.06,33.04,350.08,0.0,288
56,TXN,Texas Instruments,US,Information Technology,Semiconductors,259431048781.0,2026-06-05,285.06,-6.65,-6.75,-1.51,48.27,57.93,53.66,62.45,324.89,-12.26,288
57,F,Ford Motor Company,US,Consumer Discretionary,Automobile Manufacturers,59371918667.0,2026-06-05,14.9,-2.87,-14.56,23.98,24.18,16.51,52.68,14.33,17.44,-14.56,288
58,AAPL,Apple Inc.,US,Information Technology,"Technology Hardware, Storage & Peripherals",4514011939253.0,2026-06-05,307.34,-1.25,-1.51,7.0,19.48,8.36,52.13,13.62,315.2,-2.49,288
59,APH,Amphenol,US,Information Technology,Electronic Components,170768840307.0,2026-06-05,138.81,-5.42,-6.69,0.25,5.47,0.51,52.1,-0.45,165.9221,-16.34,288
60,XOM,ExxonMobil,US,Energy,Integrated Oil & Gas,621410470937.0,2026-06-05,149.92,-1.39,3.21,1.51,-0.18,28.98,51.22,23.88,170.314,-11.97,288
61,ODFL,Old Dominion,US,Industrials,Cargo Ground Transportation,50446867931.0,2026-06-05,242.57,-1.2,7.87,21.06,25.21,61.12,51.19,52.78,245.52,-1.2,288
62,MAR,Marriott International,US,Consumer Discretionary,"Hotels, Resorts & Cruise Lines",103500423989.0,2026-06-05,392.51,1.87,4.5,9.53,21.46,28.5,51.18,25.73,392.51,0.0,288
63,CSX,CSX Corporation,US,Industrials,Rail Transportation,87313947962.0,2026-06-05,46.99,1.64,3.82,3.36,17.98,31.54,49.24,30.38,46.9959,-0.01,288
64,AVGO,Broadcom,US,Information Technology,Semiconductors,1826303610631.0,2026-06-05,385.73,-7.92,-13.66,-9.33,16.96,1.75,48.94,11.2,481.57,-19.9,288
65,QCOM,Qualcomm,US,Information Technology,Semiconductors,227600762573.0,2026-06-05,215.94,-10.98,-13.66,12.55,59.73,25.23,48.82,26.1,250.0963,-13.66,288
66,LLY,Lilly (Eli),US,Health Care,Pharmaceuticals,1008934100764.0,2026-06-05,1131.42,0.55,2.39,14.82,14.44,9.84,48.78,5.08,1131.42,0.0,288
67,CRWD,CrowdStrike,US,Information Technology,Systems Software,170818090488.0,2026-06-05,671.02,-6.68,-8.21,43.36,56.42,28.02,45.7,47.94,782.17,-14.21,288
68,HWM,Howmet Aerospace,US,Industrials,Aerospace & Defense,100787072526.0,2026-06-05,251.9,1.03,-2.46,-1.72,0.75,29.78,45.15,19.1,273.58,-7.92,288
69,NVDA,Nvidia,US,Information Technology,Semiconductors,4967727247833.0,2026-06-05,205.1,-6.2,-2.75,-1.2,15.48,14.35,44.72,8.74,235.4656,-12.9,288
70,DVN,Devon Energy,US,Energy,Oil & Gas Exploration & Production,51072688170.0,2026-06-05,44.28,-3.72,-0.47,-4.98,0.07,18.86,43.94,17.54,52.07,-14.96,288
71,EBAY,eBay Inc.,US,Consumer Discretionary,Broadline Retail,48551399323.0,2026-06-05,109.35,0.18,0.07,1.39,18.28,34.17,43.65,26.37,118.6311,-7.82,288
72,NXPI,NXP Semiconductors,US,Information Technology,Semiconductors,74721338383.0,2026-06-05,295.96,-8.15,-7.9,-2.5,47.47,31.32,43.61,34.44,332.67,-11.03,288
73,FTNT,Fortinet,US,Information Technology,Systems Software,105999563844.0,2026-06-05,144.68,-3.33,4.86,60.84,72.92,74.82,42.37,85.77,149.67,-3.33,288
74,CVX,Chevron Corporation,US,Energy,Integrated Oil & Gas,373046166319.0,2026-06-05,187.31,-0.55,2.66,2.09,-0.48,25.92,42.07,22.43,209.2336,-10.48,288
75,ROK,Rockwell Automation,US,Industrials,Electrical Components & Equipment,49707186594.0,2026-06-05,446.71,-3.36,-0.96,-2.45,21.16,12.31,42.06,12.82,463.41,-3.6,288
76,FANG,Diamondback Energy,US,Energy,Oil & Gas Exploration & Production,54186565895.0,2026-06-05,192.62,-5.09,0.6,-0.72,7.28,23.02,41.79,27.9,212.5211,-9.36,288
77,MNST,Monster Beverage,US,Consumer Staples,Soft Drinks & Non-alcoholic Beverages,87580629235.0,2026-06-05,89.55,1.14,1.67,16.0,18.44,21.03,41.78,17.58,89.55,0.0,288
78,JCI,Johnson Controls,US,Industrials,Building Products,87643102647.0,2026-06-05,143.65,-2.54,7.15,0.36,8.83,26.15,41.32,17.81,147.4,-2.54,288
79,COP,ConocoPhillips,US,Energy,Oil & Gas Exploration & Production,142710959236.0,2026-06-05,117.14,-1.75,2.77,-0.75,0.8,29.54,40.81,22.99,132.813,-11.8,288
80,MCHP,Microchip Technology,US,Information Technology,Semiconductors,47887281698.0,2026-06-05,88.34,-8.27,-6.67,-13.74,37.07,40.4,40.31,37.33,102.406,-13.74,288
81,PANW,Palo Alto Networks,US,Information Technology,Systems Software,221720740051.0,2026-06-05,272.05,-2.58,-3.42,48.11,64.83,40.5,40.18,51.67,300.48,-9.46,288
82,FITB,Fifth Third Bancorp,US,Financials,Regional Banks,47137262090.0,2026-06-05,52.01,0.41,4.17,2.3,10.95,17.79,40.12,10.0,54.5869,-4.72,288
83,OXY,Occidental Petroleum,US,Energy,Oil & Gas Exploration & Production,56624553831.0,2026-06-05,56.93,-2.97,0.53,3.28,5.56,35.53,38.78,34.97,66.24,-14.05,288
84,ETR,Entergy,US,Utilities,Electric Utilities,50706388459.0,2026-06-05,110.74,1.34,1.55,-1.97,6.35,18.93,38.69,19.41,117.36,-5.64,288
85,WELL,Welltower,US,Real Estate,Health Care REITs,146074871968.0,2026-06-05,206.93,3.03,0.78,-4.08,1.64,3.2,38.19,11.47,220.14,-6.0,288
86,PLD,Prologis,US,Real Estate,Industrial REITs,134760128260.0,2026-06-05,144.54,0.52,0.75,1.15,8.3,13.66,37.93,12.9,146.94,-1.63,288
87,HLT,Hilton Worldwide,US,Consumer Discretionary,"Hotels, Resorts & Cruise Lines",78106157823.0,2026-06-05,343.1,1.46,4.71,6.76,14.94,22.55,37.84,17.22,343.1,0.0,288
88,EA,Electronic Arts,US,Communication Services,Interactive Home Entertainment,50902551252.0,2026-06-05,203.0,-0.2,0.63,1.2,2.62,0.09,37.28,-0.5,204.4031,-0.69,288
89,UNH,UnitedHealth Group,US,Health Care,Managed Health Care,362776446174.0,2026-06-05,399.47,0.76,5.04,8.76,40.52,19.3,36.74,19.67,401.16,-0.42,288
90,SPG,Simon Property Group,US,Real Estate,Retail REITs,68201410601.0,2026-06-05,210.31,1.98,2.64,2.34,9.19,18.13,36.6,15.64,210.31,0.0,288
91,TGT,Target Corporation,US,Consumer Staples,Consumer Staples Merchandise Retail,55670204459.0,2026-06-05,122.57,-1.03,-3.54,-4.96,2.43,37.47,36.19,24.35,130.8636,-6.34,288
92,CAH,Cardinal Health,US,Health Care,Health Care Distributors,48178488004.0,2026-06-05,205.71,1.97,4.53,7.43,-5.31,3.51,35.02,0.24,229.3241,-10.3,288
93,PNC,PNC Financial Services,US,Financials,Diversified Banks,91705313049.0,2026-06-05,228.37,0.57,3.28,2.68,11.65,17.12,34.99,9.66,240.6315,-5.1,288
94,PH,Parker Hannifin,US,Industrials,Industrial Machinery & Supplies & Components,111251067856.0,2026-06-05,882.34,1.16,4.46,-2.03,-4.26,1.93,33.81,-0.89,1020.7129,-13.56,288
95,APP,AppLovin,US,Information Technology,Application Software,187185505202.0,2026-06-05,557.2,-0.3,-9.12,18.85,10.97,-15.86,33.78,-9.88,733.6,-24.05,288
96,RTX,RTX Corporation,US,Industrials,Aerospace & Defense,243736241031.0,2026-06-05,180.99,0.88,0.74,2.83,-13.36,8.25,32.71,-2.62,211.2799,-14.34,288
97,TEL,TE Connectivity,US,Information Technology,Electronic Manufacturing Services,62071639876.0,2026-06-05,212.65,-3.67,-0.36,-1.25,3.7,-7.22,32.59,-8.19,247.2834,-14.01,288
98,USB,U.S. Bancorp,US,Financials,Diversified Banks,86382494008.0,2026-06-05,55.69,0.41,1.53,-0.84,7.44,11.54,32.24,4.33,60.0697,-7.29,288
99,REGN,Regeneron Pharmaceuticals,US,Health Care,Biotechnology,66619964164.0,2026-06-05,635.45,1.07,3.36,-11.74,-16.25,-11.95,31.76,-17.92,810.0842,-21.56,288
100,GE,GE Aerospace,US,Industrials,Aerospace & Defense,342704109784.0,2026-06-05,328.0,0.11,1.31,7.25,1.66,13.99,31.43,2.41,345.2371,-4.99,288
101,AEP,American Electric Power,US,Utilities,Electric Utilities,70265723500.0,2026-06-05,129.14,1.06,1.95,-1.87,-1.36,11.05,30.81,13.21,136.1611,-5.16,288
102,MO,Altria,US,Consumer Staples,Tobacco,120549452332.0,2026-06-05,72.19,2.25,3.75,2.88,10.36,27.96,30.28,28.07,74.55,-3.17,288
103,TFC,Truist Financial,US,Financials,Diversified Banks,61297261281.0,2026-06-05,49.2,0.04,2.05,-2.13,6.95,5.91,30.17,0.97,54.675,-10.01,288
104,PCAR,Paccar,US,Industrials,Construction Machinery & Heavy Transportation Equipment,61407077360.0,2026-06-05,116.68,-1.18,5.72,0.46,-2.81,9.49,29.21,5.19,129.0791,-9.61,288
105,LHX,L3Harris,US,Industrials,Aerospace & Defense,57347172265.0,2026-06-05,307.83,-0.23,-1.94,2.28,-15.69,11.67,29.1,1.86,375.6443,-18.05,288
106,NSC,Norfolk Southern,US,Industrials,Rail Transportation,70398992355.0,2026-06-05,313.45,2.04,2.78,-0.77,3.95,7.53,29.05,9.86,325.68,-3.76,288
107,EOG,EOG Resources,US,Energy,Oil & Gas Exploration & Production,73385558213.0,2026-06-05,137.78,-2.2,3.3,2.29,5.66,25.7,28.82,30.67,148.7352,-7.37,288
108,AME,Ametek,US,Industrials,Electrical Components & Equipment,51925940803.0,2026-06-05,226.55,-0.97,0.31,-6.14,2.22,14.08,28.68,8.5,241.38,-6.14,288
109,ORCL,Oracle Corporation,US,Information Technology,Application Software,614553488215.0,2026-06-05,213.68,-9.59,-5.36,10.13,40.18,3.5,28.39,9.85,325.7593,-34.41,288
110,WAB,Wabtec,US,Industrials,Construction Machinery & Heavy Transportation Equipment,44183979863.0,2026-06-05,260.4,-0.81,-0.29,-3.61,6.55,22.29,28.31,20.69,270.6108,-3.77,288
111,GD,General Dynamics,US,Industrials,Aerospace & Defense,93687834645.0,2026-06-05,346.44,1.45,-0.11,-0.24,-4.25,3.37,28.28,1.77,365.6815,-5.26,288
112,CDNS,Cadence Design Systems,US,Information Technology,Application Software,103759221713.0,2026-06-05,376.19,-8.62,0.34,6.0,26.69,11.92,27.78,21.2,416.39,-9.65,288
113,TJX,TJX Companies,US,Consumer Discretionary,Apparel Retail,177537058933.0,2026-06-05,160.71,1.31,3.85,3.72,1.2,7.75,27.02,4.8,164.4613,-2.28,288
114,NEE,NextEra Energy,US,Utilities,Multi-Utilities,179028356293.0,2026-06-05,85.84,0.92,-0.62,-9.35,-5.0,2.48,26.4,7.57,97.1683,-11.66,288
115,UNP,Union Pacific Corporation,US,Industrials,Rail Transportation,161679986513.0,2026-06-05,272.32,3.19,3.69,2.05,7.72,17.66,26.09,18.65,277.946,-2.02,288
116,AMGN,Amgen,US,Health Care,Biotechnology,188671211178.0,2026-06-05,349.58,1.15,3.8,6.38,-4.68,2.68,25.46,8.25,385.2508,-9.26,288
117,BMY,Bristol Myers Squibb,US,Health Care,Pharmaceuticals,116949421250.0,2026-06-05,57.27,1.18,0.16,1.2,-4.03,14.88,25.4,8.23,61.7335,-7.23,288
118,ABBV,AbbVie,US,Health Care,Biotechnology,401468325167.0,2026-06-05,227.23,1.02,4.37,10.83,-0.43,0.31,25.24,0.72,238.7139,-4.81,288
119,BAC,Bank of America,US,Financials,Diversified Banks,382009487738.0,2026-06-05,53.83,-0.11,4.86,0.95,11.25,1.12,24.72,-2.74,56.6339,-4.95,288
120,D,Dominion Energy,US,Utilities,Multi-Utilities,58839386522.0,2026-06-05,66.9,0.6,-0.06,9.62,6.85,15.04,24.56,15.28,67.613,-1.05,288
121,WMB,Williams Companies,US,Energy,Oil & Gas Storage & Transportation,88006954030.0,2026-06-05,71.96,-0.65,0.8,-2.44,-2.37,18.73,23.61,19.11,79.4,-9.37,288
122,SRE,Sempra,US,Utilities,Multi-Utilities,59761929402.0,2026-06-05,91.42,1.2,2.57,-2.4,-0.62,2.2,23.26,2.62,99.75,-8.35,288
123,ETN,Eaton Corporation,US,Industrials,Electrical Components & Equipment,153743502948.0,2026-06-05,395.94,-5.42,-1.16,-5.78,14.53,18.69,22.46,21.68,431.8167,-8.31,288
124,GWW,W. W. Grainger,US,Industrials,Industrial Machinery & Supplies & Components,61377527292.0,2026-06-05,1300.01,0.83,5.33,11.35,17.06,34.39,21.87,30.01,1300.01,0.0,288
125,GILD,Gilead Sciences,US,Health Care,Biotechnology,160361169473.0,2026-06-05,129.16,-0.02,-3.92,-5.24,-9.75,4.6,21.62,6.82,154.9202,-16.63,288
126,EQIX,Equinix,US,Real Estate,Data Center REITs,106607876060.0,2026-06-05,1080.95,-0.75,1.21,-0.15,15.91,49.06,21.19,42.94,1109.801,-2.6,288
127,WMT,Walmart,US,Consumer Staples,Consumer Staples Merchandise Retail,946056428089.0,2026-06-05,118.88,0.97,2.7,-8.44,-3.59,4.53,20.66,5.85,134.2,-11.42,288
128,JPM,JPMorgan Chase,US,Financials,Diversified Banks,836998968557.0,2026-06-05,312.37,0.48,4.36,-0.8,8.46,1.04,20.52,-3.1,332.9062,-6.17,288
129,PFE,Pfizer,US,Health Care,Pharmaceuticals,148413531379.0,2026-06-05,26.04,1.36,-0.53,-0.23,-2.14,5.25,19.11,6.88,28.0864,-7.29,288
130,XEL,Xcel Energy,US,Utilities,Multi-Utilities,49342266594.0,2026-06-05,79.04,1.63,-0.58,-1.87,-3.51,2.36,19.04,6.62,83.2943,-5.11,288
131,AMZN,Amazon,US,Consumer Discretionary,Broadline Retail,2646571621408.0,2026-06-05,246.03,-3.06,-9.09,-10.53,15.39,5.87,18.72,8.62,274.99,-10.53,288
132,TSLA,"Tesla, Inc.",US,Consumer Discretionary,Automobile Manufacturers,1468488033561.0,2026-06-05,391.0,-6.56,-10.28,-1.94,-1.44,-12.48,17.75,-10.74,489.88,-20.18,288
133,UPS,United Parcel Service,US,Industrials,Air Freight & Logistics,92259682301.0,2026-06-05,108.54,-1.52,1.73,10.49,7.82,13.95,17.71,10.78,116.3876,-6.74,288
134,KMI,Kinder Morgan,US,Energy,Oil & Gas Storage & Transportation,70482480661.0,2026-06-05,31.68,-0.06,1.93,0.32,-4.79,18.82,17.71,16.5,34.31,-7.67,288
135,TMO,Thermo Fisher Scientific,US,Health Care,Life Sciences Tools & Services,175702624116.0,2026-06-05,472.8,-1.91,-4.0,-0.03,-5.72,-18.4,17.56,-20.12,638.8185,-25.99,288
136,AFL,Aflac,US,Financials,Life & Health Insurance,60182373962.0,2026-06-05,118.24,2.56,5.18,4.81,6.8,9.58,17.44,8.39,118.24,0.0,288
137,GRMN,Garmin,US,Consumer Discretionary,Consumer Electronics,45623994066.0,2026-06-05,236.57,-2.23,1.13,-2.57,-2.47,19.57,17.33,17.31,267.52,-11.57,288
138,FAST,Fastenal,US,Industrials,Trading Companies & Distributors,53716561555.0,2026-06-05,46.79,-0.78,5.86,4.65,1.25,14.75,16.85,16.96,49.5893,-5.65,288
139,CRH,CRH plc,US,Materials,Construction Materials,70201113062.0,2026-06-05,105.06,-1.42,-3.43,-8.24,-0.91,-12.81,16.43,-16.31,130.4444,-19.46,288
140,DE,Deere & Company,US,Industrials,Agricultural & Farm Machinery,157492291901.0,2026-06-05,583.44,-1.4,7.61,-1.39,-0.78,21.87,16.41,25.35,660.558,-11.67,288
141,OKE,Oneok,US,Energy,Oil & Gas Storage & Transportation,55600399189.0,2026-06-05,88.25,-0.79,5.13,3.1,2.74,20.88,15.64,21.78,95.24,-7.34,288
142,EMR,Emerson Electric,US,Industrials,Electrical Components & Equipment,77361009265.0,2026-06-05,138.12,-2.77,-3.96,-6.29,0.23,3.2,15.42,2.5,160.4227,-13.9,288
143,BDX,Becton Dickinson,US,Health Care,Health Care Equipment,41650691954.0,2026-06-05,151.16,1.07,2.75,4.42,-8.97,0.51,15.12,-0.74,184.2135,-17.94,288
144,O,Realty Income,US,Real Estate,Retail REITs,56732845667.0,2026-06-05,60.84,1.82,-0.72,-4.53,-5.16,7.54,14.87,8.48,66.6784,-8.76,288
145,KO,Coca-Cola Company (The),US,Consumer Staples,Soft Drinks & Non-alcoholic Beverages,341961317026.0,2026-06-05,79.48,3.46,0.59,0.32,3.88,13.02,14.59,15.78,81.92,-2.98,288
146,HOOD,Robinhood Markets,US,Financials,Investment Banking & Brokerage,74264653150.0,2026-06-05,82.47,-6.63,-12.55,4.33,6.98,-38.29,14.11,-28.42,152.46,-45.91,288
147,TRV,Travelers Companies (The),US,Financials,Property & Casualty Insurance,64484503152.0,2026-06-05,303.25,3.35,3.89,0.55,-0.64,7.49,13.31,6.72,310.8979,-2.46,288
148,PEP,PepsiCo,US,Consumer Staples,Soft Drinks & Non-alcoholic Beverages,193996259392.0,2026-06-05,141.92,0.89,-0.54,-8.04,-10.05,-1.32,13.22,1.73,167.221,-15.13,288
149,NOC,Northrop Grumman,US,Industrials,Aerospace & Defense,77323027802.0,2026-06-05,544.4,-0.14,-3.0,-2.29,-27.68,-0.86,12.55,-6.34,764.6547,-28.8,288
150,CB,Chubb Limited,US,Financials,Property & Casualty Insurance,126547112523.0,2026-06-05,326.27,3.74,4.66,1.36,-0.23,10.91,12.53,5.54,341.7512,-4.53,288
151,VZ,Verizon,US,Communication Services,Integrated Telecommunication Services,189445103287.0,2026-06-05,45.37,1.11,-5.1,-4.36,-9.91,15.2,12.0,15.63,50.6187,-10.37,288
152,ELV,Elevance Health,US,Health Care,Managed Health Care,90237483496.0,2026-06-05,415.53,1.49,5.68,10.89,44.35,27.06,11.66,18.02,415.53,0.0,288
153,LMT,Lockheed Martin,US,Industrials,Aerospace & Defense,120759997578.0,2026-06-05,523.76,0.91,-0.61,2.51,-21.52,18.61,11.55,6.62,672.2988,-22.09,288
154,WFC,Wells Fargo,US,Financials,Diversified Banks,250751934610.0,2026-06-05,81.94,0.39,5.67,2.47,2.47,-7.32,11.09,-13.01,95.3733,-14.08,288
155,SBUX,Starbucks,US,Consumer Discretionary,Restaurants,108602014043.0,2026-06-05,95.29,1.22,-3.9,-9.95,-3.17,10.74,11.0,14.88,106.82,-10.79,288
156,EXC,Exelon,US,Utilities,Electric Utilities,46811772496.0,2026-06-05,45.75,2.51,1.18,2.58,-6.44,4.57,10.88,6.05,49.8215,-8.17,288
157,DUK,Duke Energy,US,Utilities,Electric Utilities,96841443027.0,2026-06-05,124.22,1.97,1.21,-0.2,-5.44,6.53,10.85,7.6,132.3166,-6.12,288
158,MET,MetLife,US,Financials,Life & Health Insurance,54363972083.0,2026-06-05,84.49,1.23,2.18,6.21,18.53,10.63,10.43,6.76,84.49,0.0,288
159,EW,Edwards Lifesciences,US,Health Care,Health Care Equipment,49495767473.0,2026-06-05,85.96,-1.7,-0.59,3.32,5.29,2.36,10.42,0.74,88.16,-2.5,288
160,MSCI,MSCI Inc.,US,Financials,Financial Exchanges & Data,44760925370.0,2026-06-05,615.46,-0.55,-2.52,6.11,8.51,13.67,10.08,9.71,643.83,-4.41,288
161,IBM,IBM,US,Information Technology,IT Consulting & Other Services,267716919713.0,2026-06-05,284.84,-5.61,-4.35,27.11,10.85,-4.64,10.02,-1.0,329.23,-13.48,288
162,MCK,McKesson Corporation,US,Health Care,Health Care Distributors,93237470971.0,2026-06-05,775.66,2.47,4.59,4.42,-15.53,-3.5,9.78,-5.62,994.5903,-22.01,288
163,ALL,Allstate,US,Financials,Property & Casualty Insurance,56892598325.0,2026-06-05,221.01,4.82,7.8,1.95,4.64,7.04,9.55,9.56,223.4031,-1.07,288
164,DLR,Digital Realty,US,Real Estate,Data Center REITs,65639137456.0,2026-06-05,186.79,-1.01,-1.69,-6.46,6.74,18.71,9.23,21.31,203.91,-8.4,288
165,CTVA,Corteva,US,Materials,Fertilizers & Agricultural Chemicals,51519203784.0,2026-06-05,77.03,-0.56,-1.37,-5.58,0.32,18.5,8.96,14.2,85.2635,-9.66,288
166,LIN,Linde plc,US,Materials,Industrial Gases,234826195927.0,2026-06-05,507.9,0.09,2.37,1.52,5.46,24.95,8.65,19.13,515.9485,-1.56,288
167,SO,Southern Company,US,Utilities,Electric Utilities,104388079955.0,2026-06-05,92.6,1.07,0.6,-0.15,-4.22,6.96,8.31,7.94,98.2961,-5.79,288
168,RCL,Royal Caribbean Group,US,Consumer Discretionary,"Hotels, Resorts & Cruise Lines",75094593840.0,2026-06-05,280.0,-4.53,-1.12,-1.96,1.21,6.83,7.21,-0.11,359.6902,-22.16,288
169,IDXX,Idexx Laboratories,US,Health Care,Health Care Equipment,44344863475.0,2026-06-05,562.16,-0.46,-0.24,-2.95,-7.6,-22.56,7.11,-16.09,766.68,-26.68,288
170,YUM,Yum! Brands,US,Consumer Discretionary,Restaurants,41582969400.0,2026-06-05,150.87,1.88,1.97,-2.83,-5.24,2.55,6.78,1.21,167.3411,-9.84,288
171,MMM,3M,US,Industrials,Industrial Conglomerates,80196179186.0,2026-06-05,153.76,0.65,0.41,5.47,0.75,-10.31,6.69,-4.06,172.9356,-11.09,288
172,TT,Trane Technologies,US,Industrials,Building Products,100986983303.0,2026-06-05,456.84,-1.27,1.46,-6.21,8.21,12.2,6.57,15.32,491.4249,-7.04,288
173,PSA,Public Storage,US,Real Estate,Self-Storage REITs,54363005955.0,2026-06-05,309.68,0.98,1.97,0.23,1.53,13.67,6.43,21.05,312.17,-0.8,288
174,AXP,American Express,US,Financials,Consumer Finance,211971535281.0,2026-06-05,310.66,-0.6,-1.84,-3.49,3.54,-15.16,6.08,-16.39,382.8266,-18.85,288
175,NDAQ,"Nasdaq, Inc.",US,Financials,Financial Exchanges & Data,49360400159.0,2026-06-05,87.28,-1.32,-5.66,-2.15,-0.99,-0.57,5.33,-9.42,100.6612,-13.29,288
176,ITW,Illinois Tool Works,US,Industrials,Industrial Machinery & Supplies & Components,72707544351.0,2026-06-05,252.72,0.64,2.2,-2.99,-8.24,2.37,5.11,1.93,297.7172,-15.11,288
177,PLTR,Palantir Technologies,US,Information Technology,Application Software,324907689316.0,2026-06-05,135.53,-4.35,-13.42,1.3,-13.76,-23.03,4.25,-19.26,207.18,-34.58,288
178,APD,Air Products,US,Materials,Industrial Gases,62873893051.0,2026-06-05,282.35,-0.18,1.34,-5.95,4.39,9.93,3.47,13.43,306.2,-7.79,288
179,BLK,BlackRock,US,Financials,Asset Management & Custody Banks,154550955659.0,2026-06-05,995.6,-2.09,-4.36,-6.74,4.79,-6.31,3.32,-7.21,1183.4701,-15.87,288
180,SCHW,Charles Schwab Corporation,US,Financials,Investment Banking & Brokerage,154504792073.0,2026-06-05,88.84,0.95,1.71,-3.25,-6.38,-4.82,2.84,-11.92,106.4671,-16.56,288
181,PM,Philip Morris International,US,Consumer Staples,Tobacco,277875446189.0,2026-06-05,178.29,1.89,0.51,4.55,5.83,19.65,2.18,12.22,191.86,-7.07,288
182,HON,Honeywell,US,Industrials,Industrial Conglomerates,135582758646.0,2026-06-05,213.97,-1.69,-10.04,-0.79,-8.56,11.76,1.99,10.38,246.6843,-13.26,288
183,BA,Boeing,US,Industrials,Aerospace & Defense,169839734808.0,2026-06-05,215.45,-0.91,-6.79,-6.3,-6.78,6.37,1.64,-5.41,252.15,-14.55,288
184,CL,Colgate-Palmolive,US,Consumer Staples,Household Products,70880770545.0,2026-06-05,88.58,4.09,-1.72,0.48,-4.73,14.68,0.69,15.43,98.5277,-10.1,288
185,VRTX,Vertex Pharmaceuticals,US,Health Care,Biotechnology,113407871070.0,2026-06-05,446.83,1.15,-0.16,4.48,-2.16,-3.52,0.22,-1.17,499.17,-10.49,288
186,ABNB,Airbnb,US,Consumer Discretionary,"Hotels, Resorts & Cruise Lines",79256643433.0,2026-06-05,133.54,-0.13,0.17,-4.53,0.23,11.16,0.02,0.4,144.18,-7.38,288
187,APO,Apollo Global Management,US,Financials,Asset Management & Custody Banks,73811536486.0,2026-06-05,128.03,-0.3,-0.53,-0.74,18.28,-4.02,-0.17,-11.95,153.5941,-16.64,288
188,BRK-B,Berkshire Hathaway,US,Financials,Multi-Sector Holdings,1052825054461.0,2026-06-05,488.13,1.98,2.88,3.9,-2.17,-3.07,-0.58,-1.76,513.81,-5.0,288
189,MSI,Motorola Solutions,US,Information Technology,Communications Equipment,68114626510.0,2026-06-05,410.34,-0.09,1.75,-5.38,-10.71,9.88,-0.62,7.98,486.2827,-15.62,288
190,ORLY,O’Reilly Automotive,US,Consumer Discretionary,Automotive Retail,74857834603.0,2026-06-05,90.33,2.18,3.97,-4.7,-4.51,-8.4,-0.85,-0.01,107.82,-16.22,288
191,MDT,Medtronic,US,Health Care,Health Care Equipment,104854882659.0,2026-06-05,81.67,-0.32,10.65,5.24,-9.42,-18.66,-1.56,-14.28,103.7341,-21.27,288
192,SNPS,Synopsys,US,Information Technology,Application Software,89009165395.0,2026-06-05,464.85,-5.99,-2.26,-7.84,6.27,-0.34,-1.76,-3.24,645.35,-27.97,288
193,HCA,HCA Healthcare,US,Health Care,Health Care Facilities,82553245857.0,2026-06-05,372.13,2.85,-1.69,-13.35,-30.05,-23.32,-1.84,-20.77,544.3204,-31.63,288
194,ECL,Ecolab,US,Materials,Specialty Chemicals,72602432734.0,2026-06-05,257.97,1.43,0.77,-2.07,-8.5,-1.87,-2.39,-1.51,307.5258,-16.11,288
195,CVNA,Carvana,US,Consumer Discretionary,Automotive Retail,47640342017.0,2026-06-05,66.51,0.48,-8.89,-14.59,4.67,-15.81,-3.79,-16.91,95.69,-30.49,288
196,MDLZ,Mondelez International,US,Consumer Staples,Packaged Foods & Meats,79637632658.0,2026-06-05,62.04,1.72,1.42,0.27,7.15,12.71,-3.79,16.64,68.948,-10.02,288
197,KDP,Keurig Dr Pepper,US,Consumer Staples,Soft Drinks & Non-alcoholic Beverages,41537881584.0,2026-06-05,30.53,1.56,1.67,6.9,9.03,9.62,-3.8,11.07,34.2962,-10.98,288
198,CME,CME Group,US,Financials,Financial Exchanges & Data,93004473902.0,2026-06-05,257.4,0.52,-5.9,-10.73,-16.89,-3.49,-3.82,-2.27,318.8379,-19.27,288
199,DHR,Danaher Corporation,US,Health Care,Life Sciences Tools & Services,130442128716.0,2026-06-05,184.3,-1.25,0.89,5.36,-5.53,-19.05,-3.89,-19.84,241.5351,-23.7,288
200,COR,Cencora,US,Health Care,Health Care Distributors,53512075605.0,2026-06-05,275.04,1.75,2.11,9.07,-23.1,-17.64,-4.12,-18.51,373.2499,-26.31,288
201,CARR,Carrier Global,US,Industrials,Building Products,55781784250.0,2026-06-05,67.16,-2.01,5.15,-1.09,15.51,23.93,-4.54,26.47,79.7931,-15.83,288
202,CI,Cigna,US,Health Care,Health Care Services,76576843216.0,2026-06-05,289.48,3.14,4.96,3.25,7.19,8.91,-4.59,4.89,327.1425,-11.51,288
203,COF,Capital One,US,Financials,Consumer Finance,112429635965.0,2026-06-05,180.67,-1.38,-3.86,-6.18,-3.34,-19.85,-4.94,-26.54,255.8585,-29.39,288
204,LOW,Lowe's,US,Consumer Discretionary,Home Improvement Retail,118163404900.0,2026-06-05,210.74,1.55,-1.69,-9.7,-15.93,-13.86,-5.91,-13.85,286.0171,-26.32,288
205,WM,Waste Management,US,Industrials,Environmental & Facilities Services,88507293290.0,2026-06-05,220.4,1.07,4.68,0.38,-9.68,3.21,-5.94,1.76,244.4743,-9.85,288
206,AMT,American Tower,US,Real Estate,Telecom Tower REITs,90439160279.0,2026-06-05,194.12,0.11,3.83,7.75,3.96,12.37,-6.1,12.16,225.8437,-14.05,288
207,MCO,Moody's Corporation,US,Financials,Financial Exchanges & Data,78840211357.0,2026-06-05,451.35,0.49,-0.42,0.84,-4.14,-7.85,-6.26,-9.13,537.1644,-15.98,288
208,COST,Costco,US,Consumer Staples,Consumer Staples Merchandise Retail,431003743078.0,2026-06-05,971.87,-0.05,1.63,-2.4,-2.49,5.68,-7.07,14.06,1094.3199,-11.19,288
209,MCD,McDonald's,US,Consumer Discretionary,Restaurants,198827956981.0,2026-06-05,279.84,2.61,0.91,-0.83,-14.12,-7.93,-8.0,-6.58,336.8806,-16.93,288
210,TDG,TransDigm Group,US,Industrials,Aerospace & Defense,69287166059.0,2026-06-05,1238.74,0.87,-1.56,0.44,-4.31,-7.37,-8.61,-8.82,1516.5503,-18.32,288
211,PG,Procter & Gamble,US,Consumer Staples,Personal Care Products,341232878602.0,2026-06-05,146.54,4.09,2.08,-0.92,-3.9,1.35,-9.16,4.87,165.9504,-11.7,288
212,MSFT,Microsoft,US,Information Technology,Systems Software,3095205987863.0,2026-06-05,416.67,-2.66,-7.46,0.87,2.11,-12.39,-9.46,-11.51,538.6586,-22.65,288
213,DIS,Walt Disney Company (The),US,Communication Services,Movies & Entertainment,173147552497.0,2026-06-05,99.71,0.37,-2.08,-7.73,-1.8,-5.06,-11.17,-10.85,123.1766,-19.05,288
214,V,Visa Inc.,US,Financials,Transaction & Payment Processing Services,615347255295.0,2026-06-05,323.57,1.06,-0.85,1.71,2.17,-1.43,-11.38,-6.23,370.3844,-12.64,288
215,AON,Aon plc,US,Financials,Insurance Brokers,70166434794.0,2026-06-05,328.53,1.95,3.95,6.57,-3.29,-4.37,-11.41,-4.32,374.2826,-12.22,288
216,T,AT&T,US,Communication Services,Integrated Telecommunication Services,158074708496.0,2026-06-05,22.75,-0.09,-8.27,-11.03,-19.73,-8.15,-13.22,-5.3,28.7986,-21.0,288
217,VST,Vistra Corp.,US,Utilities,Electric Utilities,50159262087.0,2026-06-05,148.76,-3.21,-7.16,-6.02,-6.11,-13.1,-13.42,-9.85,217.3201,-31.55,288
218,META,Meta Platforms,US,Communication Services,Interactive Media & Services,1505285019272.0,2026-06-05,593.0,-5.51,-6.25,-3.24,-7.96,-7.13,-13.53,-8.75,788.149,-24.76,288
219,HD,Home Depot (The),US,Consumer Discretionary,Home Improvement Retail,309883921215.0,2026-06-05,310.78,0.27,-1.27,-3.08,-11.93,-11.36,-13.8,-8.85,414.7939,-25.08,288
220,BX,Blackstone Inc.,US,Financials,Asset Management & Custody Banks,140987918797.0,2026-06-05,115.35,-2.7,-1.38,-7.49,5.45,-22.27,-13.85,-25.84,183.1742,-37.03,288
221,CEG,Constellation Energy,US,Utilities,Electric Utilities,91000307646.0,2026-06-05,254.83,-3.69,-11.44,-20.93,-19.9,-29.26,-14.48,-30.22,402.322,-36.66,288
222,SHW,Sherwin-Williams,US,Materials,Specialty Chemicals,75297852081.0,2026-06-05,305.3,1.74,0.48,-5.42,-7.21,-9.57,-14.93,-6.43,372.5632,-18.05,288
223,UBER,Uber,US,Industrials,Passenger Ground Transportation,143937204346.0,2026-06-05,70.71,-2.08,0.44,-10.69,-5.88,-22.02,-15.27,-14.66,100.1,-29.36,288
224,MA,Mastercard,US,Financials,Transaction & Payment Processing Services,433910347649.0,2026-06-05,491.08,1.93,-0.59,-0.16,-5.82,-11.03,-15.43,-12.51,596.2485,-17.64,288
225,AZO,AutoZone,US,Consumer Discretionary,Automotive Retail,51012841551.0,2026-06-05,3116.4299,1.12,6.17,-12.01,-14.41,-18.48,-16.16,-5.67,4354.54,-28.43,288
226,RSG,Republic Services,US,Industrials,Environmental & Facilities Services,64621762768.0,2026-06-05,210.04,1.02,4.79,5.18,-8.84,-1.91,-16.44,0.21,250.4113,-16.12,288
227,SPGI,S&P Global,US,Financials,Financial Exchanges & Data,125634240723.0,2026-06-05,424.44,1.03,0.1,0.44,-5.95,-14.7,-16.72,-16.82,559.4575,-24.13,288
228,SYK,Stryker Corporation,US,Health Care,Health Care Equipment,117178051917.0,2026-06-05,305.66,1.48,0.19,4.56,-15.93,-16.04,-19.33,-11.97,400.5293,-23.69,288
229,ICE,Intercontinental Exchange,US,Financials,Financial Exchanges & Data,80020018042.0,2026-06-05,141.5,-0.39,-4.29,-7.76,-14.58,-9.23,-20.08,-11.27,186.7626,-24.24,288
230,CTAS,Cintas,US,Industrials,Diversified Support Services,71964620490.0,2026-06-05,179.85,-0.06,5.02,6.48,-11.43,-2.14,-20.15,-2.23,225.5198,-20.25,288
231,KKR,KKR & Co.,US,Financials,Asset Management & Custody Banks,83861334059.0,2026-06-05,93.4,-2.16,-2.65,-7.15,2.47,-25.87,-21.98,-27.27,151.1557,-38.21,288
232,ADSK,Autodesk,US,Information Technology,Application Software,48554963338.0,2026-06-05,229.96,-1.58,-0.58,-5.4,-11.89,-25.15,-22.93,-19.8,326.79,-29.63,288
233,CMCSA,Comcast,US,Communication Services,Cable & Satellite,85090483138.0,2026-06-05,23.82,2.1,-4.22,-9.91,-24.48,-5.17,-22.97,-11.94,32.619,-26.98,288
234,PGR,Progressive Corporation,US,Financials,Property & Casualty Insurance,119045672493.0,2026-06-05,204.02,4.42,7.15,3.67,-3.07,-4.44,-23.0,-3.77,263.1205,-22.46,288
235,ISRG,Intuitive Surgical,US,Health Care,Health Care Equipment,149477968230.0,2026-06-05,422.06,0.77,-0.61,-6.57,-13.89,-25.92,-24.36,-24.9,592.85,-28.81,288
236,BKNG,Booking Holdings,US,Consumer Discretionary,"Hotels, Resorts & Cruise Lines",128505836989.0,2026-06-05,165.84,-0.74,-0.7,-1.23,-8.66,-17.3,-24.63,-21.74,230.686,-28.11,288
237,TMUS,T-Mobile US,US,Communication Services,Wireless Telecommunication Services,192740666703.0,2026-06-05,178.1,0.61,-5.03,-7.3,-19.18,-13.71,-25.01,-9.85,254.2196,-29.94,288
238,ADP,Automatic Data Processing,US,Industrials,Human Resource & Employment Services,92718365490.0,2026-06-05,231.95,0.28,4.56,11.94,3.37,-9.55,-27.11,-7.52,318.7931,-27.24,288
239,MRSH,Marsh McLennan,US,Financials,Insurance Brokers,79708083422.0,2026-06-05,165.44,2.59,3.42,0.94,-9.17,-9.1,-27.42,-8.4,225.6864,-26.69,288
240,DASH,DoorDash,US,Consumer Discretionary,Specialized Consumer Services,68320696939.0,2026-06-05,156.8,-2.04,-1.56,-6.65,-12.49,-29.52,-28.8,-28.66,281.74,-44.35,288
241,CRM,Salesforce,US,Information Technology,Application Software,152055542999.0,2026-06-05,185.66,-1.64,-2.85,2.47,-7.91,-21.91,-28.93,-26.61,272.4766,-31.86,288
242,NKE,"Nike, Inc.",US,Consumer Discretionary,"Apparel, Accessories & Luxury Goods",63648524000.0,2026-06-05,42.98,-1.47,-6.2,-1.17,-23.94,-33.51,-29.65,-31.02,77.1236,-44.27,288
243,ABT,Abbott Laboratories,US,Health Care,Health Care Equipment,158626923403.0,2026-06-05,91.07,0.32,6.39,5.53,-16.36,-26.49,-30.11,-25.83,135.3157,-32.7,288
244,NFLX,Netflix,US,Communication Services,Movies & Entertainment,346043424316.0,2026-06-05,82.18,0.76,-4.46,-6.9,-17.01,-20.95,-33.71,-9.68,133.913,-38.63,288
245,AJG,Arthur J. Gallagher & Co.,US,Financials,Insurance Brokers,55535443723.0,2026-06-05,216.14,2.78,7.83,10.13,-4.94,-11.11,-34.89,-15.03,325.0999,-33.52,288
246,ADBE,Adobe Inc.,US,Information Technology,Application Software,101632048987.0,2026-06-05,251.44,-2.7,-3.0,0.51,-11.35,-23.06,-39.25,-24.56,416.92,-39.69,288
247,ACN,Accenture,US,Information Technology,IT Consulting & Other Services,109701317092.0,2026-06-05,178.25,-0.34,-4.71,2.11,-16.39,-34.12,-42.9,-30.85,316.6378,-43.71,288
248,NOW,ServiceNow,US,Information Technology,Systems Software,115970581453.0,2026-06-05,112.45,-5.79,-9.58,26.28,-9.56,-32.49,-44.48,-23.74,208.938,-46.18,288
249,BSX,Boston Scientific,US,Health Care,Health Care Equipment,72162542806.0,2026-06-05,48.55,-0.61,0.5,-13.3,-31.96,-50.75,-52.6,-48.74,108.14,-55.1,288
250,INTU,Intuit,US,Information Technology,Application Software,81174842791.0,2026-06-05,296.76,-1.73,-10.49,-23.62,-38.13,-53.95,-60.98,-52.62,801.9572,-63.0,288
